1618, 1486, 266, 50, 76
75365, 164164, 55766, 4705, 6490
5097, 7645, 30583, 198794, 265059
265059, 198794, 30583, 7645, 5097
1618, 1486, 266, 50, 76
75365, 164164, 55766, 4705, 6490
5097, 7645, 30583, 198794, 265059
265059, 198794, 30583, 7645, 5097
1618, 1486, 266, 50, 76
75365, 164164, 55766, 4705, 6490
5097, 7645, 30583, 198794, 265059
265059, 198794, 30583, 7645, 5097
1618, 1486, 266, 50, 76
75365, 164164, 55766, 4705, 6490
5097, 7645, 30583, 198794, 265059
265059, 198794, 30583, 7645, 5097
1618, 1486, 266, 50, 76
75365, 164164, 55766, 4705, 6490
5097, 7645, 30583, 198794, 265059
265059, 198794, 30583, 7645, 5097
1618, 1486, 266, 50, 76
75365, 164164, 55766, 4705, 6490
5097, 7645, 30583, 198794, 265059
265059, 198794, 30583, 7645, 5097
1618, 1486, 266, 50, 76
75365, 164164, 55766, 4705, 6490
5097, 7645, 30583, 198794, 265059
265059, 198794, 30583, 7645, 5097
1618, 1486, 266, 50, 76
75365, 164164, 55766, 4705, 6490
5097, 7645, 30583, 198794, 265059
265059, 198794, 30583, 7645, 5097
1618, 1486, 266, 50, 76
75365, 164164, 55766, 4705, 6490
5097, 7645, 30583, 198794, 265059
265059, 198794, 30583, 7645, 5097
1618, 1486, 266, 50, 76
75365, 164164, 55766, 4705, 6490
5097, 7645, 30583, 198794, 265059
265059, 198794, 30583, 7645, 5097
1618, 1486, 266, 50, 76
75365, 164164, 55766, 4705, 6490
5097, 7645, 30583, 198794, 265059
265059, 198794, 30583, 7645, 5097
1618, 1486, 266, 50, 76
75365, 164164, 55766, 4705, 6490
5097, 7645, 30583, 198794, 265059
265059, 198794, 30583, 7645, 5097
1618, 1486, 266, 50, 76
75365, 164164, 55766, 4705, 6490
5097, 7645, 30583, 198794, 265059
265059, 198794, 30583, 7645, 5097
1618, 1486, 266, 50, 76
75365, 164164, 55766, 4705, 6490
5097, 7645, 30583, 198794, 265059
265059, 198794, 30583, 7645, 5097
1618, 1486, 266, 50, 76
75365, 164164, 55766, 4705, 6490
5097, 7645, 30583, 198794, 265059
265059, 198794, 30583, 7645, 5097
1618, 1486, 266, 50, 76
75365, 164164, 55766, 4705, 6490
5097, 7645, 30583, 198794, 265059
265059, 198794, 30583, 7645, 5097
1618, 1486, 266, 50, 76
75365, 164164, 55766, 4705, 6490
5097, 7645, 30583, 198794, 265059
265059, 198794, 30583, 7645, 5097
1618, 1486, 266, 50, 76
75365, 164164, 55766, 4705, 6490
5097, 7645, 30583, 198794, 265059
265059, 198794, 30583, 7645, 5097
1618, 1486, 266, 50, 76
75365, 164164, 55766, 4705, 6490
5097, 7645, 30583, 198794, 265059
265059, 198794, 30583, 7645, 5097
1618, 1486, 266, 50, 76
75365, 164164, 55766, 4705, 6490
5097, 7645, 30583, 198794, 265059
265059, 198794, 30583, 7645, 5097
1618, 1486, 266, 50, 76
75365, 164164, 55766, 4705, 6490
5097, 7645, 30583, 198794, 265059
265059, 198794, 30583, 7645, 5097
1618, 1486, 266, 50, 76
75365, 164164, 55766, 4705, 6490
5097, 7645, 30583, 198794, 265059
265059, 198794, 30583, 7645, 5097
1618, 1486, 266, 50, 76
75365, 164164, 55766, 4705, 6490
5097, 7645, 30583, 198794, 265059
265059, 198794, 30583, 7645, 5097
1618, 1486, 266, 50, 76
75365, 164164, 55766, 4705, 6490
5097, 7645, 30583, 198794, 265059
265059, 198794, 30583, 7645, 5097
1618, 1486, 266, 50, 76
75365, 164164, 55766, 4705, 6490
5097, 7645, 30583, 198794, 265059
265059, 198794, 30583, 7645, 5097
1618, 1486, 266, 50, 76
75365, 164164, 55766, 4705, 6490
5097, 7645, 30583, 198794, 265059
265059, 198794, 30583, 7645, 5097
1618, 1486, 266, 50, 76
75365, 164164, 55766, 4705, 6490
5097, 7645, 30583, 198794, 265059
265059, 198794, 30583, 7645, 5097
1618, 1486, 266, 50, 76
75365, 164164, 55766, 4705, 6490
5097, 7645, 30583, 198794, 265059
265059, 198794, 30583, 7645, 5097
1618, 1486, 266, 50, 76
75365, 164164, 55766, 4705, 6490
5097, 7645, 30583, 198794, 265059
265059, 198794, 30583, 7645, 5097
1618, 1486, 266, 50, 76
75365, 164164, 55766, 4705, 6490
5097, 7645, 30583, 198794, 265059
265059, 198794, 30583, 7645, 5097
1618, 1486, 266, 50, 76
75365, 164164, 55766, 4705, 6490
5097, 7645, 30583, 198794, 265059
265059, 198794, 30583, 7645, 5097
1618, 1486, 266, 50, 76
75365, 164164, 55766, 4705, 6490
5097, 7645, 30583, 198794, 265059
265059, 198794, 30583, 7645, 5097
1618, 1486, 266, 50, 76
75365, 164164, 55766, 4705, 6490
5097, 7645, 30583, 198794, 265059
265059, 198794, 30583, 7645, 5097
1618, 1486, 266, 50, 76
75365, 164164, 55766, 4705, 6490
5097, 7645, 30583, 198794, 265059
265059, 198794, 30583, 7645, 5097
1618, 1486, 266, 50, 76
75365, 164164, 55766, 4705, 6490
5097, 7645, 30583, 198794, 265059
265059, 198794, 30583, 7645, 5097
1618, 1486, 266, 50, 76
75365, 164164, 55766, 4705, 6490
5097, 7645, 30583, 198794, 265059
265059, 198794, 30583, 7645, 5097
1618, 1486, 266, 50, 76
75365, 164164, 55766, 4705, 6490
5097, 7645, 30583, 198794, 265059
265059, 198794, 30583, 7645, 5097
1618, 1486, 266, 50, 76
75365, 164164, 55766, 4705, 6490
5097, 7645, 30583, 198794, 265059
265059, 198794, 30583, 7645, 5097
1618, 1486, 266, 50, 76
75365, 164164, 55766, 4705, 6490
5097, 7645, 30583, 198794, 265059
265059, 198794, 30583, 7645, 5097
1618, 1486, 266, 50, 76
75365, 164164, 55766, 4705, 6490
5097, 7645, 30583, 198794, 265059
265059, 198794, 30583, 7645, 5097
1618, 1486, 266, 50, 76
75365, 164164, 55766, 4705, 6490
5097, 7645, 30583, 198794, 265059
265059, 198794, 30583, 7645, 5097
1618, 1486, 266, 50, 76
75365, 164164, 55766, 4705, 6490
5097, 7645, 30583, 198794, 265059
265059, 198794, 30583, 7645, 5097
1618, 1486, 266, 50, 76
75365, 164164, 55766, 4705, 6490
5097, 7645, 30583, 198794, 265059
265059, 198794, 30583, 7645, 5097
1618, 1486, 266, 50, 76
75365, 164164, 55766, 4705, 6490
5097, 7645, 30583, 198794, 265059
265059, 198794, 30583, 7645, 5097
1618, 1486, 266, 50, 76
75365, 164164, 55766, 4705, 6490
5097, 7645, 30583, 198794, 265059
265059, 198794, 30583, 7645, 5097
1618, 1486, 266, 50, 76
75365, 164164, 55766, 4705, 6490
5097, 7645, 30583, 198794, 265059
265059, 198794, 30583, 7645, 5097
1618, 1486, 266, 50, 76
75365, 164164, 55766, 4705, 6490
5097, 7645, 30583, 198794, 265059
265059, 198794, 30583, 7645, 5097
1618, 1486, 266, 50, 76
75365, 164164, 55766, 4705, 6490
5097, 7645, 30583, 198794, 265059
265059, 198794, 30583, 7645, 5097
1618, 1486, 266, 50, 76
75365, 164164, 55766, 4705, 6490
5097, 7645, 30583, 198794, 265059
265059, 198794, 30583, 7645, 5097
1618, 1486, 266, 50, 76
75365, 164164, 55766, 4705, 6490
5097, 7645, 30583, 198794, 265059
265059, 198794, 30583, 7645, 5097
1618, 1486, 266, 50, 76
75365, 164164, 55766, 4705, 6490
5097, 7645, 30583, 198794, 265059
265059, 198794, 30583, 7645, 5097
1618, 1486, 266, 50, 76
75365, 164164, 55766, 4705, 6490
5097, 7645, 30583, 198794, 265059
265059, 198794, 30583, 7645, 5097
1618, 1486, 266, 50, 76
75365, 164164, 55766, 4705, 6490
5097, 7645, 30583, 198794, 265059
265059, 198794, 30583, 7645, 5097
1618, 1486, 266, 50, 76
75365, 164164, 55766, 4705, 6490
5097, 7645, 30583, 198794, 265059
265059, 198794, 30583, 7645, 5097
1618, 1486, 266, 50, 76
75365, 164164, 55766, 4705, 6490
5097, 7645, 30583, 198794, 265059
265059, 198794, 30583, 7645, 5097
1618, 1486, 266, 50, 76
75365, 164164, 55766, 4705, 6490
5097, 7645, 30583, 198794, 265059
265059, 198794, 30583, 7645, 5097
1618, 1486, 266, 50, 76
75365, 164164, 55766, 4705, 6490
5097, 7645, 30583, 198794, 265059
265059, 198794, 30583, 7645, 5097
1618, 1486, 266, 50, 76
75365, 164164, 55766, 4705, 6490
5097, 7645, 30583, 198794, 265059
265059, 198794, 30583, 7645, 5097
1618, 1486, 266, 50, 76
75365, 164164, 55766, 4705, 6490
5097, 7645, 30583, 198794, 265059
265059, 198794, 30583, 7645, 5097
1618, 1486, 266, 50, 76
75365, 164164, 55766, 4705, 6490
5097, 7645, 30583, 198794, 265059
265059, 198794, 30583, 7645, 5097
1618, 1486, 266, 50, 76
75365, 164164, 55766, 4705, 6490
5097, 7645, 30583, 198794, 265059
265059, 198794, 30583, 7645, 5097
1618, 1486, 266, 50, 76
75365, 164164, 55766, 4705, 6490
5097, 7645, 30583, 198794, 265059
265059, 198794, 30583, 7645, 5097
1618, 1486, 266, 50, 76
75365, 164164, 55766, 4705, 6490
5097, 7645, 30583, 198794, 265059
265059, 198794, 30583, 7645, 5097
1618, 1486, 266, 50, 76
75365, 164164, 55766, 4705, 6490
5097, 7645, 30583, 198794, 265059
265059, 198794, 30583, 7645, 5097
1618, 1486, 266, 50, 76
75365, 164164, 55766, 4705, 6490
5097, 7645, 30583, 198794, 265059
265059, 198794, 30583, 7645, 5097
1618, 1486, 266, 50, 76
75365, 164164, 55766, 4705, 6490
5097, 7645, 30583, 198794, 265059
265059, 198794, 30583, 7645, 5097
1618, 1486, 266, 50, 76
75365, 164164, 55766, 4705, 6490
5097, 7645, 30583, 198794, 265059
265059, 198794, 30583, 7645, 5097
1618, 1486, 266, 50, 76
75365, 164164, 55766, 4705, 6490
5097, 7645, 30583, 198794, 265059
265059, 198794, 30583, 7645, 5097
1618, 1486, 266, 50, 76
75365, 164164, 55766, 4705, 6490
5097, 7645, 30583, 198794, 265059
265059, 198794, 30583, 7645, 5097
1618, 1486, 266, 50, 76
75365, 164164, 55766, 4705, 6490
5097, 7645, 30583, 198794, 265059
265059, 198794, 30583, 7645, 5097
1618, 1486, 266, 50, 76
75365, 164164, 55766, 4705, 6490
5097, 7645, 30583, 198794, 265059
265059, 198794, 30583, 7645, 5097
1618, 1486, 266, 50, 76
75365, 164164, 55766, 4705, 6490
5097, 7645, 30583, 198794, 265059
265059, 198794, 30583, 7645, 5097
1618, 1486, 266, 50, 76
75365, 164164, 55766, 4705, 6490
5097, 7645, 30583, 198794, 265059
265059, 198794, 30583, 7645, 5097
1618, 1486, 266, 50, 76
75365, 164164, 55766, 4705, 6490
5097, 7645, 30583, 198794, 265059
265059, 198794, 30583, 7645, 5097
1618, 1486, 266, 50, 76
75365, 164164, 55766, 4705, 6490
5097, 7645, 30583, 198794, 265059
265059, 198794, 30583, 7645, 5097
1618, 1486, 266, 50, 76
75365, 164164, 55766, 4705, 6490
5097, 7645, 30583, 198794, 265059
265059, 198794, 30583, 7645, 5097
1618, 1486, 266, 50, 76
75365, 164164, 55766, 4705, 6490
5097, 7645, 30583, 198794, 265059
265059, 198794, 30583, 7645, 5097
1618, 1486, 266, 50, 76
75365, 164164, 55766, 4705, 6490
5097, 7645, 30583, 198794, 265059
265059, 198794, 30583, 7645, 5097
1618, 1486, 266, 50, 76
75365, 164164, 55766, 4705, 6490
5097, 7645, 30583, 198794, 265059
265059, 198794, 30583, 7645, 5097
1618, 1486, 266, 50, 76
75365, 164164, 55766, 4705, 6490
5097, 7645, 30583, 198794, 265059
265059, 198794, 30583, 7645, 5097
1618, 1486, 266, 50, 76
75365, 164164, 55766, 4705, 6490
5097, 7645, 30583, 198794, 265059
265059, 198794, 30583, 7645, 5097
1618, 1486, 266, 50, 76
75365, 164164, 55766, 4705, 6490
5097, 7645, 30583, 198794, 265059
265059, 198794, 30583, 7645, 5097
1618, 1486, 266, 50, 76
75365, 164164, 55766, 4705, 6490
5097, 7645, 30583, 198794, 265059
265059, 198794, 30583, 7645, 5097
1618, 1486, 266, 50, 76
75365, 164164, 55766, 4705, 6490
5097, 7645, 30583, 198794, 265059
265059, 198794, 30583, 7645, 5097
1618, 1486, 266, 50, 76
75365, 164164, 55766, 4705, 6490
5097, 7645, 30583, 198794, 265059
265059, 198794, 30583, 7645, 5097
1618, 1486, 266, 50, 76
75365, 164164, 55766, 4705, 6490
5097, 7645, 30583, 198794, 265059
265059, 198794, 30583, 7645, 5097
1618, 1486, 266, 50, 76
75365, 164164, 55766, 4705, 6490
5097, 7645, 30583, 198794, 265059
265059, 198794, 30583, 7645, 5097
1618, 1486, 266, 50, 76
75365, 164164, 55766, 4705, 6490
5097, 7645, 30583, 198794, 265059
265059, 198794, 30583, 7645, 5097
1618, 1486, 266, 50, 76
75365, 164164, 55766, 4705, 6490
5097, 7645, 30583, 198794, 265059
265059, 198794, 30583, 7645, 5097
1618, 1486, 266, 50, 76
75365, 164164, 55766, 4705, 6490
5097, 7645, 30583, 198794, 265059
265059, 198794, 30583, 7645, 5097
1618, 1486, 266, 50, 76
75365, 164164, 55766, 4705, 6490
5097, 7645, 30583, 198794, 265059
265059, 198794, 30583, 7645, 5097
1618, 1486, 266, 50, 76
75365, 164164, 55766, 4705, 6490
5097, 7645, 30583, 198794, 265059
265059, 198794, 30583, 7645, 5097
1618, 1486, 266, 50, 76
75365, 164164, 55766, 4705, 6490
5097, 7645, 30583, 198794, 265059
265059, 198794, 30583, 7645, 5097
1618, 1486, 266, 50, 76
75365, 164164, 55766, 4705, 6490
5097, 7645, 30583, 198794, 265059
265059, 198794, 30583, 7645, 5097
1618, 1486, 266, 50, 76
75365, 164164, 55766, 4705, 6490
5097, 7645, 30583, 198794, 265059
265059, 198794, 30583, 7645, 5097
1618, 1486, 266, 50, 76
75365, 164164, 55766, 4705, 6490
5097, 7645, 30583, 198794, 265059
265059, 198794, 30583, 7645, 5097
1618, 1486, 266, 50, 76
75365, 164164, 55766, 4705, 6490
5097, 7645, 30583, 198794, 265059
265059, 198794, 30583, 7645, 5097
1618, 1486, 266, 50, 76
75365, 164164, 55766, 4705, 6490
5097, 7645, 30583, 198794, 265059
265059, 198794, 30583, 7645, 5097
1618, 1486, 266, 50, 76
75365, 164164, 55766, 4705, 6490
5097, 7645, 30583, 198794, 265059
265059, 198794, 30583, 7645, 5097
1618, 1486, 266, 50, 76
75365, 164164, 55766, 4705, 6490
5097, 7645, 30583, 198794, 265059
265059, 198794, 30583, 7645, 5097
1618, 1486, 266, 50, 76
75365, 164164, 55766, 4705, 6490
5097, 7645, 30583, 198794, 265059
265059, 198794, 30583, 7645, 5097
1618, 1486, 266, 50, 76
75365, 164164, 55766, 4705, 6490
5097, 7645, 30583, 198794, 265059
265059, 198794, 30583, 7645, 5097
1618, 1486, 266, 50, 76
75365, 164164, 55766, 4705, 6490
5097, 7645, 30583, 198794, 265059
265059, 198794, 30583, 7645, 5097
1618, 1486, 266, 50, 76
75365, 164164, 55766, 4705, 6490
5097, 7645, 30583, 198794, 265059
265059, 198794, 30583, 7645, 5097
1618, 1486, 266, 50, 76
75365, 164164, 55766, 4705, 6490
5097, 7645, 30583, 198794, 265059
265059, 198794, 30583, 7645, 5097
1618, 1486, 266, 50, 76
75365, 164164, 55766, 4705, 6490
5097, 7645, 30583, 198794, 265059
265059, 198794, 30583, 7645, 5097
1618, 1486, 266, 50, 76
75365, 164164, 55766, 4705, 6490
5097, 7645, 30583, 198794, 265059
265059, 198794, 30583, 7645, 5097
1618, 1486, 266, 50, 76
75365, 164164, 55766, 4705, 6490
5097, 7645, 30583, 198794, 265059
265059, 198794, 30583, 7645, 5097
1618, 1486, 266, 50, 76
75365, 164164, 55766, 4705, 6490
5097, 7645, 30583, 198794, 265059
265059, 198794, 30583, 7645, 5097
1618, 1486, 266, 50, 76
75365, 164164, 55766, 4705, 6490
5097, 7645, 30583, 198794, 265059
265059, 198794, 30583, 7645, 5097
1618, 1486, 266, 50, 76
75365, 164164, 55766, 4705, 6490
5097, 7645, 30583, 198794, 265059
265059, 198794, 30583, 7645, 5097
1618, 1486, 266, 50, 76
75365, 164164, 55766, 4705, 6490
5097, 7645, 30583, 198794, 265059
265059, 198794, 30583, 7645, 5097
1618, 1486, 266, 50, 76
75365, 164164, 55766, 4705, 6490
5097, 7645, 30583, 198794, 265059
265059, 198794, 30583, 7645, 5097
1618, 1486, 266, 50, 76
75365, 164164, 55766, 4705, 6490
5097, 7645, 30583, 198794, 265059
265059, 198794, 30583, 7645, 5097
1618, 1486, 266, 50, 76
75365, 164164, 55766, 4705, 6490
5097, 7645, 30583, 198794, 265059
265059, 198794, 30583, 7645, 5097
1618, 1486, 266, 50, 76
75365, 164164, 55766, 4705, 6490
5097, 7645, 30583, 198794, 265059
265059, 198794, 30583, 7645, 5097
1618, 1486, 266, 50, 76
75365, 164164, 55766, 4705, 6490
5097, 7645, 30583, 198794, 265059
265059, 198794, 30583, 7645, 5097
1618, 1486, 266, 50, 76
75365, 164164, 55766, 4705, 6490
5097, 7645, 30583, 198794, 265059
265059, 198794, 30583, 7645, 5097
1618, 1486, 266, 50, 76
75365, 164164, 55766, 4705, 6490
5097, 7645, 30583, 198794, 265059
265059, 198794, 30583, 7645, 5097
1618, 1486, 266, 50, 76
75365, 164164, 55766, 4705, 6490
5097, 7645, 30583, 198794, 265059
265059, 198794, 30583, 7645, 5097
1618, 1486, 266, 50, 76
75365, 164164, 55766, 4705, 6490
5097, 7645, 30583, 198794, 265059
265059, 198794, 30583, 7645, 5097
1618, 1486, 266, 50, 76
75365, 164164, 55766, 4705, 6490
5097, 7645, 30583, 198794, 265059
265059, 198794, 30583, 7645, 5097
1618, 1486, 266, 50, 76
75365, 164164, 55766, 4705, 6490
5097, 7645, 30583, 198794, 265059
265059, 198794, 30583, 7645, 5097
1618, 1486, 266, 50, 76
75365, 164164, 55766, 4705, 6490
5097, 7645, 30583, 198794, 265059
265059, 198794, 30583, 7645, 5097
1618, 1486, 266, 50, 76
75365, 164164, 55766, 4705, 6490
5097, 7645, 30583, 198794, 265059
265059, 198794, 30583, 7645, 5097
1618, 1486, 266, 50, 76
75365, 164164, 55766, 4705, 6490
5097, 7645, 30583, 198794, 265059
265059, 198794, 30583, 7645, 5097
1618, 1486, 266, 50, 76
75365, 164164, 55766, 4705, 6490
5097, 7645, 30583, 198794, 265059
265059, 198794, 30583, 7645, 5097
1618, 1486, 266, 50, 76
75365, 164164, 55766, 4705, 6490
5097, 7645, 30583, 198794, 265059
265059, 198794, 30583, 7645, 5097
1618, 1486, 266, 50, 76
75365, 164164, 55766, 4705, 6490
5097, 7645, 30583, 198794, 265059
265059, 198794, 30583, 7645, 5097
1618, 1486, 266, 50, 76
75365, 164164, 55766, 4705, 6490
5097, 7645, 30583, 198794, 265059
265059, 198794, 30583, 7645, 5097
1618, 1486, 266, 50, 76
75365, 164164, 55766, 4705, 6490
5097, 7645, 30583, 198794, 265059
265059, 198794, 30583, 7645, 5097
1618, 1486, 266, 50, 76
75365, 164164, 55766, 4705, 6490
5097, 7645, 30583, 198794, 265059
265059, 198794, 30583, 7645, 5097
1618, 1486, 266, 50, 76
75365, 164164, 55766, 4705, 6490
5097, 7645, 30583, 198794, 265059
265059, 198794, 30583, 7645, 5097
1618, 1486, 266, 50, 76
75365, 164164, 55766, 4705, 6490
5097, 7645, 30583, 198794, 265059
265059, 198794, 30583, 7645, 5097
1618, 1486, 266, 50, 76
75365, 164164, 55766, 4705, 6490
5097, 7645, 30583, 198794, 265059
265059, 198794, 30583, 7645, 5097
1618, 1486, 266, 50, 76
75365, 164164, 55766, 4705, 6490
5097, 7645, 30583, 198794, 265059
265059, 198794, 30583, 7645, 5097
1618, 1486, 266, 50, 76
75365, 164164, 55766, 4705, 6490
5097, 7645, 30583, 198794, 265059
265059, 198794, 30583, 7645, 5097
1618, 1486, 266, 50, 76
75365, 164164, 55766, 4705, 6490
5097, 7645, 30583, 198794, 265059
265059, 198794, 30583, 7645, 5097
1618, 1486, 266, 50, 76
75365, 164164, 55766, 4705, 6490
5097, 7645, 30583, 198794, 265059
265059, 198794, 30583, 7645, 5097
1618, 1486, 266, 50, 76
75365, 164164, 55766, 4705, 6490
5097, 7645, 30583, 198794, 265059
265059, 198794, 30583, 7645, 5097
1618, 1486, 266, 50, 76
75365, 164164, 55766, 4705, 6490
5097, 7645, 30583, 198794, 265059
265059, 198794, 30583, 7645, 5097
1618, 1486, 266, 50, 76
75365, 164164, 55766, 4705, 6490
5097, 7645, 30583, 198794, 265059
265059, 198794, 30583, 7645, 5097
1618, 1486, 266, 50, 76
75365, 164164, 55766, 4705, 6490
5097, 7645, 30583, 198794, 265059
265059, 198794, 30583, 7645, 5097
1618, 1486, 266, 50, 76
75365, 164164, 55766, 4705, 6490
5097, 7645, 30583, 198794, 265059
265059, 198794, 30583, 7645, 5097
1618, 1486, 266, 50, 76
75365, 164164, 55766, 4705, 6490
5097, 7645, 30583, 198794, 265059
265059, 198794, 30583, 7645, 5097
1618, 1486, 266, 50, 76
75365, 164164, 55766, 4705, 6490
5097, 7645, 30583, 198794, 265059
265059, 198794, 30583, 7645, 5097
1618, 1486, 266, 50, 76
75365, 164164, 55766, 4705, 6490
5097, 7645, 30583, 198794, 265059
265059, 198794, 30583, 7645, 5097
1618, 1486, 266, 50, 76
75365, 164164, 55766, 4705, 6490
5097, 7645, 30583, 198794, 265059
265059, 198794, 30583, 7645, 5097
1618, 1486, 266, 50, 76
75365, 164164, 55766, 4705, 6490
5097, 7645, 30583, 198794, 265059
265059, 198794, 30583, 7645, 5097
1618, 1486, 266, 50, 76
75365, 164164, 55766, 4705, 6490
5097, 7645, 30583, 198794, 265059
265059, 198794, 30583, 7645, 5097
1618, 1486, 266, 50, 76
75365, 164164, 55766, 4705, 6490
5097, 7645, 30583, 198794, 265059
265059, 198794, 30583, 7645, 5097
1618, 1486, 266, 50, 76
75365, 164164, 55766, 4705, 6490
5097, 7645, 30583, 198794, 265059
265059, 198794, 30583, 7645, 5097
1618, 1486, 266, 50, 76
75365, 164164, 55766, 4705, 6490
5097, 7645, 30583, 198794, 265059
265059, 198794, 30583, 7645, 5097
1618, 1486, 266, 50, 76
75365, 164164, 55766, 4705, 6490
5097, 7645, 30583, 198794, 265059
265059, 198794, 30583, 7645, 5097
1618, 1486, 266, 50, 76
75365, 164164, 55766, 4705, 6490
5097, 7645, 30583, 198794, 265059
265059, 198794, 30583, 7645, 5097
1618, 1486, 266, 50, 76
75365, 164164, 55766, 4705, 6490
5097, 7645, 30583, 198794, 265059
265059, 198794, 30583, 7645, 5097
1618, 1486, 266, 50, 76
75365, 164164, 55766, 4705, 6490
5097, 7645, 30583, 198794, 265059
265059, 198794, 30583, 7645, 5097
1618, 1486, 266, 50, 76
75365, 164164, 55766, 4705, 6490
5097, 7645, 30583, 198794, 265059
265059, 198794, 30583, 7645, 5097
1618, 1486, 266, 50, 76
75365, 164164, 55766, 4705, 6490
5097, 7645, 30583, 198794, 265059
265059, 198794, 30583, 7645, 5097
1618, 1486, 266, 50, 76
75365, 164164, 55766, 4705, 6490
5097, 7645, 30583, 198794, 265059
265059, 198794, 30583, 7645, 5097
1618, 1486, 266, 50, 76
75365, 164164, 55766, 4705, 6490
5097, 7645, 30583, 198794, 265059
265059, 198794, 30583, 7645, 5097
1618, 1486, 266, 50, 76
75365, 164164, 55766, 4705, 6490
5097, 7645, 30583, 198794, 265059
265059, 198794, 30583, 7645, 5097
1618, 1486, 266, 50, 76
75365, 164164, 55766, 4705, 6490
5097, 7645, 30583, 198794, 265059
265059, 198794, 30583, 7645, 5097
1618, 1486, 266, 50, 76
75365, 164164, 55766, 4705, 6490
5097, 7645, 30583, 198794, 265059
265059, 198794, 30583, 7645, 5097
1618, 1486, 266, 50, 76
75365, 164164, 55766, 4705, 6490
5097, 7645, 30583, 198794, 265059
265059, 198794, 30583, 7645, 5097
1618, 1486, 266, 50, 76
75365, 164164, 55766, 4705, 6490
5097, 7645, 30583, 198794, 265059
265059, 198794, 30583, 7645, 5097
1618, 1486, 266, 50, 76
75365, 164164, 55766, 4705, 6490
5097, 7645, 30583, 198794, 265059
265059, 198794, 30583, 7645, 5097
1618, 1486, 266, 50, 76
75365, 164164, 55766, 4705, 6490
5097, 7645, 30583, 198794, 265059
265059, 198794, 30583, 7645, 5097
1618, 1486, 266, 50, 76
75365, 164164, 55766, 4705, 6490
5097, 7645, 30583, 198794, 265059
265059, 198794, 30583, 7645, 5097
1618, 1486, 266, 50, 76
75365, 164164, 55766, 4705, 6490
5097, 7645, 30583, 198794, 265059
265059, 198794, 30583, 7645, 5097
1618, 1486, 266, 50, 76
75365, 164164, 55766, 4705, 6490
5097, 7645, 30583, 198794, 265059
265059, 198794, 30583, 7645, 5097
1618, 1486, 266, 50, 76
75365, 164164, 55766, 4705, 6490
5097, 7645, 30583, 198794, 265059
265059, 198794, 30583, 7645, 5097
1618, 1486, 266, 50, 76
75365, 164164, 55766, 4705, 6490
5097, 7645, 30583, 198794, 265059
265059, 198794, 30583, 7645, 5097
1618, 1486, 266, 50, 76
75365, 164164, 55766, 4705, 6490
5097, 7645, 30583, 198794, 265059
265059, 198794, 30583, 7645, 5097
1618, 1486, 266, 50, 76
75365, 164164, 55766, 4705, 6490
5097, 7645, 30583, 198794, 265059
265059, 198794, 30583, 7645, 5097
1618, 1486, 266, 50, 76
75365, 164164, 55766, 4705, 6490
5097, 7645, 30583, 198794, 265059
265059, 198794, 30583, 7645, 5097
1618, 1486, 266, 50, 76
75365, 164164, 55766, 4705, 6490
5097, 7645, 30583, 198794, 265059
265059, 198794, 30583, 7645, 5097
1618, 1486, 266, 50, 76
75365, 164164, 55766, 4705, 6490
5097, 7645, 30583, 198794, 265059
265059, 198794, 30583, 7645, 5097
1618, 1486, 266, 50, 76
75365, 164164, 55766, 4705, 6490
5097, 7645, 30583, 198794, 265059
265059, 198794, 30583, 7645, 5097
1618, 1486, 266, 50, 76
75365, 164164, 55766, 4705, 6490
5097, 7645, 30583, 198794, 265059
265059, 198794, 30583, 7645, 5097
1618, 1486, 266, 50, 76
75365, 164164, 55766, 4705, 6490
5097, 7645, 30583, 198794, 265059
265059, 198794, 30583, 7645, 5097
1618, 1486, 266, 50, 76
75365, 164164, 55766, 4705, 6490
5097, 7645, 30583, 198794, 265059
265059, 198794, 30583, 7645, 5097
1618, 1486, 266, 50, 76
75365, 164164, 55766, 4705, 6490
5097, 7645, 30583, 198794, 265059
265059, 198794, 30583, 7645, 5097
1618, 1486, 266, 50, 76
75365, 164164, 55766, 4705, 6490
5097, 7645, 30583, 198794, 265059
265059, 198794, 30583, 7645, 5097
1618, 1486, 266, 50, 76
75365, 164164, 55766, 4705, 6490
5097, 7645, 30583, 198794, 265059
265059, 198794, 30583, 7645, 5097
1618, 1486, 266, 50, 76
75365, 164164, 55766, 4705, 6490
5097, 7645, 30583, 198794, 265059
265059, 198794, 30583, 7645, 5097
1618, 1486, 266, 50, 76
75365, 164164, 55766, 4705, 6490
5097, 7645, 30583, 198794, 265059
265059, 198794, 30583, 7645, 5097
1618, 1486, 266, 50, 76
75365, 164164, 55766, 4705, 6490
5097, 7645, 30583, 198794, 265059
265059, 198794, 30583, 7645, 5097
1618, 1486, 266, 50, 76
75365, 164164, 55766, 4705, 6490
5097, 7645, 30583, 198794, 265059
265059, 198794, 30583, 7645, 5097
1618, 1486, 266, 50, 76
75365, 164164, 55766, 4705, 6490
5097, 7645, 30583, 198794, 265059
265059, 198794, 30583, 7645, 5097
1618, 1486, 266, 50, 76
75365, 164164, 55766, 4705, 6490
5097, 7645, 30583, 198794, 265059
265059, 198794, 30583, 7645, 5097
1618, 1486, 266, 50, 76
75365, 164164, 55766, 4705, 6490
5097, 7645, 30583, 198794, 265059
265059, 198794, 30583, 7645, 5097
1618, 1486, 266, 50, 76
75365, 164164, 55766, 4705, 6490
5097, 7645, 30583, 198794, 265059
265059, 198794, 30583, 7645, 5097
1618, 1486, 266, 50, 76
75365, 164164, 55766, 4705, 6490
5097, 7645, 30583, 198794, 265059
265059, 198794, 30583, 7645, 5097
1618, 1486, 266, 50, 76
75365, 164164, 55766, 4705, 6490
5097, 7645, 30583, 198794, 265059
265059, 198794, 30583, 7645, 5097
1618, 1486, 266, 50, 76
75365, 164164, 55766, 4705, 6490
5097, 7645, 30583, 198794, 265059
265059, 198794, 30583, 7645, 5097
1618, 1486, 266, 50, 76
75365, 164164, 55766, 4705, 6490
5097, 7645, 30583, 198794, 265059
265059, 198794, 30583, 7645, 5097
1618, 1486, 266, 50, 76
75365, 164164, 55766, 4705, 6490
5097, 7645, 30583, 198794, 265059
265059, 198794, 30583, 7645, 5097
1618, 1486, 266, 50, 76
75365, 164164, 55766, 4705, 6490
5097, 7645, 30583, 198794, 265059
265059, 198794, 30583, 7645, 5097
1618, 1486, 266, 50, 76
75365, 164164, 55766, 4705, 6490
5097, 7645, 30583, 198794, 265059
265059, 198794, 30583, 7645, 5097
1618, 1486, 266, 50, 76
75365, 164164, 55766, 4705, 6490
5097, 7645, 30583, 198794, 265059
265059, 198794, 30583, 7645, 5097